﻿<?xml version="1.0" encoding="utf-8"?>
<abapGit version="v1.0.0" serializer="LCL_OBJECT_FUGR" serializer_version="v1.0.0">
 <asx:abap xmlns:asx="http://www.sap.com/abapxml" version="1.0">
  <asx:values>
   <AREAT>Function group for analytics</AREAT>
   <INCLUDES>
    <SOBJ_NAME>LZPERSONAS_ANALYTICSTOP</SOBJ_NAME>
    <SOBJ_NAME>SAPLZPERSONAS_ANALYTICS</SOBJ_NAME>
   </INCLUDES>
   <FUNCTIONS>
    <item>
     <FUNCNAME>ZPERSONAS_ANALYTICS_GET_TIMEST</FUNCNAME>
     <INCLUDE>LZPERSONAS_ANALYTICSU01</INCLUDE>
     <REMOTE_CALL>R</REMOTE_CALL>
     <SHORT_TEXT>Get date</SHORT_TEXT>
     <IMPORT>
      <RSIMP>
       <PARAMETER>IV_FLAVORID</PARAMETER>
       <OPTIONAL>X</OPTIONAL>
       <TYP>STRING</TYP>
      </RSIMP>
     </IMPORT>
     <EXPORT>
      <RSEXP>
       <PARAMETER>ES_TIMESTAMP</PARAMETER>
       <TYP>ZPERSOS_ANLYTICS_TIME</TYP>
      </RSEXP>
     </EXPORT>
     <DOCUMENTATION>
      <RSFDO>
       <PARAMETER>IV_FLAVORID</PARAMETER>
       <KIND>P</KIND>
       <INDEX> 001</INDEX>
      </RSFDO>
      <RSFDO>
       <PARAMETER>ES_TIMESTAMP</PARAMETER>
       <KIND>P</KIND>
       <STEXT>Timestamp</STEXT>
       <INDEX> 002</INDEX>
      </RSFDO>
     </DOCUMENTATION>
    </item>
    <item>
     <FUNCNAME>Z_PERSONAS_GUI_MEASURE</FUNCNAME>
     <INCLUDE>LZPERSONAS_ANALYTICSU04</INCLUDE>
     <REMOTE_CALL>R</REMOTE_CALL>
     <SHORT_TEXT>GUI measurement</SHORT_TEXT>
     <IMPORT>
      <RSIMP>
       <PARAMETER>IV_MSPNT_ID</PARAMETER>
       <TYP>/PERSONAS/MEASUREMENTPOINT</TYP>
      </RSIMP>
      <RSIMP>
       <PARAMETER>IV_MS_DATA</PARAMETER>
       <TYP>STRING</TYP>
      </RSIMP>
     </IMPORT>
     <DOCUMENTATION>
      <RSFDO>
       <PARAMETER>IV_MSPNT_ID</PARAMETER>
       <KIND>P</KIND>
       <STEXT>Measurement point</STEXT>
       <INDEX> 001</INDEX>
      </RSFDO>
      <RSFDO>
       <PARAMETER>IV_MS_DATA</PARAMETER>
       <KIND>P</KIND>
       <STEXT>Measurement Data</STEXT>
       <INDEX> 002</INDEX>
      </RSFDO>
     </DOCUMENTATION>
    </item>
   </FUNCTIONS>
   <DYNPROS/>
   <CUA/>
  </asx:values>
 </asx:abap>
</abapGit>
